date,tic,open,high,low,close,volume
2019-01-02,601328.SH,5.77,5.8,5.64,5.67,649836.44
2019-01-03,601328.SH,5.67,5.78,5.66,5.78,645374.99
2019-01-04,601328.SH,5.75,5.87,5.73,5.86,758836.29
2019-01-07,601328.SH,5.89,5.9,5.81,5.83,490107.05
2019-01-08,601328.SH,5.84,5.86,5.81,5.85,390041.29
2019-01-09,601328.SH,5.9,5.97,5.87,5.88,717273.53
2019-01-10,601328.SH,5.89,5.91,5.85,5.85,451585.53
2019-01-11,601328.SH,5.89,5.94,5.87,5.92,477674.96
2019-01-14,601328.SH,5.91,5.95,5.88,5.89,386888.37
2019-01-15,601328.SH,5.92,5.96,5.91,5.95,534235.76
2019-01-16,601328.SH,5.94,5.97,5.9,5.96,491214.59
2019-01-17,601328.SH,5.98,5.98,5.88,5.91,541767.88
2019-01-18,601328.SH,5.97,5.99,5.93,5.98,590517.7
2019-01-21,601328.SH,5.96,6.03,5.96,6.03,753877.81
2019-01-22,601328.SH,6.02,6.05,6.0,6.02,465879.65
2019-01-23,601328.SH,6.04,6.04,5.99,6.0,373068.69
2019-01-24,601328.SH,6.02,6.04,5.96,5.99,384916.67
2019-01-25,601328.SH,6.03,6.07,5.99,6.02,588821.9
2019-01-28,601328.SH,6.05,6.07,5.99,6.01,467302.35
2019-01-29,601328.SH,6.0,6.17,6.0,6.14,1006129.09
2019-01-30,601328.SH,6.12,6.14,6.07,6.1,562192.59
2019-01-31,601328.SH,6.13,6.26,6.1,6.25,856922.76
2019-02-01,601328.SH,6.28,6.28,6.17,6.22,641642.86
2019-02-11,601328.SH,6.17,6.2,6.13,6.17,658405.46
2019-02-12,601328.SH,6.19,6.2,6.13,6.16,523023.01
2019-02-13,601328.SH,6.17,6.29,6.13,6.27,882616.86
2019-02-14,601328.SH,6.26,6.27,6.19,6.21,475369.08
2019-02-15,601328.SH,6.2,6.22,6.08,6.08,631648.5
2019-02-18,601328.SH,6.14,6.19,6.1,6.17,599685.44
2019-02-19,601328.SH,6.16,6.22,6.12,6.13,725586.28
2019-02-20,601328.SH,6.16,6.18,6.11,6.14,589945.27
2019-02-21,601328.SH,6.15,6.17,6.1,6.12,709038.26
2019-02-22,601328.SH,6.13,6.2,6.08,6.2,928844.31
2019-02-25,601328.SH,6.22,6.54,6.21,6.54,2512690.24
2019-02-26,601328.SH,6.47,6.54,6.35,6.35,2040891.71
2019-02-27,601328.SH,6.37,6.52,6.36,6.43,1815625.27
2019-02-28,601328.SH,6.45,6.48,6.38,6.4,1151131.75
2019-03-01,601328.SH,6.44,6.6,6.39,6.59,2068837.28
2019-03-04,601328.SH,6.66,6.85,6.6,6.7,2859149.46
2019-03-05,601328.SH,6.7,6.8,6.66,6.73,1368750.93
2019-03-06,601328.SH,6.74,6.8,6.64,6.69,1417995.65
2019-03-07,601328.SH,6.7,6.71,6.55,6.57,1691711.88
2019-03-08,601328.SH,6.49,6.54,6.29,6.3,1849800.24
2019-03-11,601328.SH,6.31,6.37,6.27,6.32,1108206.17
2019-03-12,601328.SH,6.38,6.44,6.31,6.34,1318081.56
2019-03-13,601328.SH,6.34,6.42,6.27,6.36,1200922.99
2019-03-14,601328.SH,6.35,6.43,6.33,6.37,1075673.29
2019-03-15,601328.SH,6.37,6.43,6.35,6.38,1068518.86
2019-03-18,601328.SH,6.4,6.49,6.36,6.49,1387905.53
2019-03-19,601328.SH,6.5,6.52,6.44,6.44,857667.33
2019-03-20,601328.SH,6.44,6.51,6.43,6.48,1078823.89
2019-03-21,601328.SH,6.46,6.47,6.39,6.4,1192193.69
2019-03-22,601328.SH,6.41,6.42,6.36,6.39,834227.48
2019-03-25,601328.SH,6.3,6.34,6.19,6.2,1426159.59
2019-03-26,601328.SH,6.24,6.24,6.15,6.19,736122.99
2019-03-27,601328.SH,6.18,6.26,6.16,6.18,798087.77
2019-03-28,601328.SH,6.17,6.18,6.08,6.11,986287.68
2019-03-29,601328.SH,6.11,6.28,6.09,6.24,1378761.25
2019-04-01,601328.SH,6.25,6.35,6.24,6.32,2094857.02
2019-04-02,601328.SH,6.33,6.39,6.26,6.28,1377734.93
2019-04-03,601328.SH,6.11,6.3,6.07,6.3,4640350.29
2019-04-04,601328.SH,6.27,6.4,6.26,6.33,3336335.8
2019-04-08,601328.SH,6.35,6.47,6.32,6.37,3210934.96
2019-04-09,601328.SH,6.36,6.36,6.3,6.34,1369734.45
2019-04-10,601328.SH,6.32,6.33,6.23,6.3,1555903.35
2019-04-11,601328.SH,6.3,6.36,6.24,6.29,1449830.55
2019-04-12,601328.SH,6.3,6.31,6.25,6.29,833625.03
2019-04-15,601328.SH,6.37,6.42,6.29,6.29,1900652.27
2019-04-16,601328.SH,6.28,6.51,6.26,6.5,3244751.9
2019-04-17,601328.SH,6.47,6.53,6.44,6.47,1467939.58
2019-04-18,601328.SH,6.46,6.47,6.38,6.39,1122492.2
2019-04-19,601328.SH,6.4,6.47,6.39,6.42,902038.13
2019-04-22,601328.SH,6.42,6.43,6.26,6.27,1534317.78
2019-04-23,601328.SH,6.27,6.3,6.26,6.27,872128.35
2019-04-24,601328.SH,6.3,6.31,6.2,6.25,1036990.75
2019-04-25,601328.SH,6.24,6.26,6.21,6.23,987961.97
2019-04-26,601328.SH,6.22,6.25,6.17,6.18,1075297.07
2019-04-29,601328.SH,6.21,6.28,6.19,6.24,1091375.62
2019-04-30,601328.SH,6.24,6.27,6.21,6.26,899104.34
2019-05-06,601328.SH,6.17,6.35,6.02,6.19,2497674.13
2019-05-07,601328.SH,6.16,6.18,6.1,6.12,1093153.48
2019-05-08,601328.SH,6.1,6.13,6.04,6.05,894468.65
2019-05-09,601328.SH,6.05,6.09,5.99,6.0,975993.65
2019-05-10,601328.SH,6.05,6.08,5.97,6.05,1048951.06
2019-05-13,601328.SH,6.01,6.04,5.98,5.99,658292.57
2019-05-14,601328.SH,5.97,6.04,5.96,5.97,801406.37
2019-05-15,601328.SH,5.99,6.03,5.97,6.0,759715.6
2019-05-16,601328.SH,5.99,6.01,5.97,6.0,742621.72
2019-05-17,601328.SH,6.0,6.01,5.94,5.96,837339.32
2019-05-20,601328.SH,5.96,6.02,5.94,5.97,872555.92
2019-05-21,601328.SH,5.97,6.03,5.97,5.99,803855.4
2019-05-22,601328.SH,5.99,6.01,5.96,5.99,737567.6
2019-05-23,601328.SH,5.99,5.99,5.94,5.96,745789.63
2019-05-24,601328.SH,5.97,6.0,5.97,5.99,664131.26
2019-05-27,601328.SH,5.98,6.0,5.94,5.99,863828.34
2019-05-28,601328.SH,5.99,6.04,5.97,6.0,1332424.77
2019-05-29,601328.SH,5.98,6.0,5.96,5.97,625344.29
2019-05-30,601328.SH,5.98,5.99,5.94,5.98,980556.03
2019-05-31,601328.SH,5.97,6.0,5.94,5.96,801987.62
2019-06-03,601328.SH,5.97,6.01,5.96,5.99,767598.31
2019-06-04,601328.SH,6.0,6.03,5.99,6.03,909913.05
2019-06-05,601328.SH,6.04,6.1,6.04,6.07,816701.44
2019-06-06,601328.SH,6.08,6.11,6.06,6.07,736119.9
2019-06-10,601328.SH,6.09,6.13,6.08,6.11,826705.35
2019-06-11,601328.SH,6.11,6.16,6.1,6.15,1115137.01
2019-06-12,601328.SH,6.14,6.18,6.12,6.17,744301.99
2019-06-13,601328.SH,6.16,6.18,6.12,6.16,593444.93
2019-06-14,601328.SH,6.18,6.19,6.15,6.17,666121.86
2019-06-17,601328.SH,6.17,6.21,6.16,6.18,549821.35
2019-06-18,601328.SH,6.18,6.19,6.15,6.18,569029.22
2019-06-19,601328.SH,6.24,6.25,6.21,6.23,1101595.9
2019-06-20,601328.SH,6.24,6.33,6.22,6.28,1470415.16
2019-06-21,601328.SH,6.28,6.31,6.25,6.26,949471.78
2019-06-24,601328.SH,6.27,6.31,6.26,6.29,595153.94
2019-06-25,601328.SH,6.29,6.29,6.07,6.1,2315506.3
2019-06-26,601328.SH,6.09,6.12,6.07,6.08,962984.05
2019-06-27,601328.SH,6.1,6.16,6.09,6.13,1156466.64
2019-06-28,601328.SH,6.12,6.13,6.08,6.12,694499.87
2019-07-01,601328.SH,6.17,6.19,6.14,6.16,950155.89
2019-07-02,601328.SH,6.17,6.17,6.14,6.16,1048144.61
2019-07-03,601328.SH,6.16,6.2,6.14,6.19,794947.31
2019-07-04,601328.SH,6.19,6.24,6.18,6.21,818684.37
2019-07-05,601328.SH,6.22,6.22,6.17,6.18,750544.88
2019-07-08,601328.SH,6.18,6.18,6.1,6.12,1069231.05
2019-07-09,601328.SH,5.84,5.84,5.76,5.77,958456.36
2019-07-10,601328.SH,5.77,5.78,5.73,5.74,509019.48
2019-07-11,601328.SH,5.76,5.79,5.74,5.75,380226.39
2019-07-12,601328.SH,5.76,5.82,5.75,5.8,443155.91
2019-07-15,601328.SH,5.79,5.82,5.71,5.8,675933.03
2019-07-16,601328.SH,5.8,5.81,5.78,5.8,397880.11
2019-07-17,601328.SH,5.79,5.8,5.75,5.76,426012.45
2019-07-18,601328.SH,5.76,5.76,5.73,5.75,373206.28
2019-07-19,601328.SH,5.76,5.8,5.75,5.79,453287.18
2019-07-22,601328.SH,5.77,5.81,5.75,5.77,563487.04
2019-07-23,601328.SH,5.77,5.79,5.75,5.77,544381.35
2019-07-24,601328.SH,5.79,5.83,5.77,5.79,661553.59
2019-07-25,601328.SH,5.78,5.8,5.77,5.79,629424.98
2019-07-26,601328.SH,5.78,5.79,5.77,5.78,523131.22
2019-07-29,601328.SH,5.78,5.79,5.77,5.78,536375.72
2019-07-30,601328.SH,5.79,5.84,5.78,5.82,654365.84
2019-07-31,601328.SH,5.82,5.82,5.78,5.81,568673.77
2019-08-01,601328.SH,5.79,5.8,5.75,5.78,578441.52
2019-08-02,601328.SH,5.72,5.73,5.67,5.68,981046.98
2019-08-05,601328.SH,5.67,5.68,5.57,5.57,907817.87
2019-08-06,601328.SH,5.5,5.53,5.47,5.51,951093.34
2019-08-07,601328.SH,5.53,5.55,5.49,5.49,533897.62
2019-08-08,601328.SH,5.52,5.53,5.5,5.51,584751.86
2019-08-09,601328.SH,5.52,5.53,5.49,5.52,674679.82
2019-08-12,601328.SH,5.51,5.54,5.5,5.53,540022.86
2019-08-13,601328.SH,5.51,5.52,5.48,5.5,488209.58
2019-08-14,601328.SH,5.53,5.53,5.49,5.5,469208.28
2019-08-15,601328.SH,5.47,5.49,5.45,5.48,494464.24
2019-08-16,601328.SH,5.47,5.49,5.45,5.45,725549.93
2019-08-19,601328.SH,5.46,5.5,5.4,5.5,992535.82
2019-08-20,601328.SH,5.49,5.51,5.47,5.47,567106.43
2019-08-21,601328.SH,5.47,5.49,5.46,5.48,437346.3
2019-08-22,601328.SH,5.48,5.49,5.46,5.46,390449.03
2019-08-23,601328.SH,5.47,5.48,5.45,5.47,596135.9
2019-08-26,601328.SH,5.42,5.45,5.41,5.43,642845.45
2019-08-27,601328.SH,5.44,5.5,5.43,5.46,950280.03
2019-08-28,601328.SH,5.48,5.49,5.44,5.44,617186.11
2019-08-29,601328.SH,5.44,5.45,5.41,5.42,688878.38
2019-08-30,601328.SH,5.44,5.47,5.41,5.41,621788.61
2019-09-02,601328.SH,5.42,5.46,5.41,5.44,610762.05
2019-09-03,601328.SH,5.45,5.47,5.42,5.44,693091.47
2019-09-04,601328.SH,5.45,5.51,5.43,5.51,1273738.06
2019-09-05,601328.SH,5.51,5.6,5.5,5.54,1499147.58
2019-09-06,601328.SH,5.56,5.58,5.53,5.57,843180.83
2019-09-09,601328.SH,5.6,5.6,5.55,5.56,942716.78
2019-09-10,601328.SH,5.57,5.57,5.53,5.56,526507.44
2019-09-11,601328.SH,5.57,5.65,5.57,5.64,1019627.96
2019-09-12,601328.SH,5.65,5.65,5.61,5.63,541409.31
2019-09-16,601328.SH,5.64,5.64,5.59,5.61,551617.0
2019-09-17,601328.SH,5.6,5.61,5.52,5.52,617952.28
2019-09-18,601328.SH,5.54,5.55,5.51,5.52,534340.7
2019-09-19,601328.SH,5.53,5.53,5.5,5.52,519427.68
2019-09-20,601328.SH,5.53,5.56,5.52,5.56,788730.37
2019-09-23,601328.SH,5.54,5.55,5.48,5.5,592237.03
2019-09-24,601328.SH,5.51,5.52,5.49,5.5,381353.12
2019-09-25,601328.SH,5.51,5.53,5.47,5.5,536958.02
2019-09-26,601328.SH,5.51,5.57,5.49,5.52,831833.23
2019-09-27,601328.SH,5.52,5.53,5.47,5.49,773728.95
2019-09-30,601328.SH,5.49,5.52,5.45,5.45,663080.9
2019-10-08,601328.SH,5.45,5.51,5.44,5.49,862346.84
2019-10-09,601328.SH,5.47,5.58,5.46,5.54,892823.63
2019-10-10,601328.SH,5.54,5.56,5.52,5.53,665137.53
2019-10-11,601328.SH,5.55,5.6,5.52,5.59,942768.93
2019-10-14,601328.SH,5.62,5.76,5.61,5.7,1783985.5
2019-10-15,601328.SH,5.69,5.74,5.67,5.72,1085966.27
2019-10-16,601328.SH,5.73,5.78,5.67,5.71,897219.41
2019-10-17,601328.SH,5.71,5.73,5.67,5.69,559439.74
2019-10-18,601328.SH,5.69,5.75,5.61,5.61,902817.36
2019-10-21,601328.SH,5.62,5.69,5.61,5.69,673682.44
2019-10-22,601328.SH,5.7,5.7,5.65,5.68,614525.52
2019-10-23,601328.SH,5.67,5.72,5.66,5.69,598174.77
2019-10-24,601328.SH,5.7,5.78,5.69,5.75,913443.67
2019-10-25,601328.SH,5.76,5.76,5.66,5.71,917207.38
2019-10-28,601328.SH,5.72,5.74,5.64,5.66,964334.3
2019-10-29,601328.SH,5.67,5.68,5.62,5.64,567588.89
2019-10-30,601328.SH,5.64,5.67,5.62,5.63,449391.52
2019-10-31,601328.SH,5.63,5.64,5.59,5.61,643020.1
2019-11-01,601328.SH,5.6,5.66,5.59,5.66,687387.15
2019-11-04,601328.SH,5.66,5.69,5.64,5.66,643192.81
2019-11-05,601328.SH,5.66,5.76,5.65,5.73,1411312.82
2019-11-06,601328.SH,5.72,5.77,5.72,5.74,569929.46
2019-11-07,601328.SH,5.74,5.76,5.71,5.73,572393.31
2019-11-08,601328.SH,5.75,5.75,5.65,5.66,802726.12
2019-11-11,601328.SH,5.65,5.66,5.58,5.6,793582.32
2019-11-12,601328.SH,5.61,5.61,5.56,5.57,630303.41
2019-11-13,601328.SH,5.57,5.58,5.53,5.55,708421.72
2019-11-14,601328.SH,5.55,5.56,5.52,5.53,586219.91
2019-11-15,601328.SH,5.54,5.57,5.51,5.51,535678.09
2019-11-18,601328.SH,5.52,5.55,5.51,5.54,515549.31
2019-11-19,601328.SH,5.53,5.56,5.52,5.55,488331.05
2019-11-20,601328.SH,5.53,5.54,5.5,5.5,593691.17
2019-11-21,601328.SH,5.49,5.51,5.47,5.48,763912.22
2019-11-22,601328.SH,5.5,5.53,5.48,5.5,611451.94
2019-11-25,601328.SH,5.52,5.58,5.51,5.57,716872.47
2019-11-26,601328.SH,5.59,5.59,5.55,5.56,945811.87
2019-11-27,601328.SH,5.56,5.57,5.54,5.55,348507.62
2019-11-28,601328.SH,5.55,5.57,5.52,5.54,433235.22
2019-11-29,601328.SH,5.53,5.57,5.5,5.51,635253.41
2019-12-02,601328.SH,5.52,5.53,5.48,5.49,514879.58
2019-12-03,601328.SH,5.49,5.5,5.47,5.49,587467.0
2019-12-04,601328.SH,5.48,5.49,5.44,5.46,773445.74
2019-12-05,601328.SH,5.47,5.49,5.46,5.47,565400.63
2019-12-06,601328.SH,5.47,5.48,5.45,5.47,554684.34
2019-12-09,601328.SH,5.48,5.5,5.46,5.5,621035.69
2019-12-10,601328.SH,5.49,5.5,5.47,5.48,486793.47
2019-12-11,601328.SH,5.48,5.51,5.47,5.5,649880.86
2019-12-12,601328.SH,5.51,5.51,5.48,5.49,529646.67
2019-12-13,601328.SH,5.51,5.56,5.5,5.55,1168422.1
2019-12-16,601328.SH,5.54,5.55,5.52,5.54,779527.83
2019-12-17,601328.SH,5.54,5.65,5.53,5.6,1300046.17
2019-12-18,601328.SH,5.6,5.66,5.6,5.61,1257323.12
2019-12-19,601328.SH,5.62,5.64,5.61,5.62,654044.73
2019-12-20,601328.SH,5.63,5.65,5.61,5.63,752204.54
2019-12-23,601328.SH,5.63,5.64,5.56,5.57,787010.42
2019-12-24,601328.SH,5.57,5.6,5.56,5.58,347286.11
2019-12-25,601328.SH,5.58,5.59,5.56,5.57,379143.15
2019-12-26,601328.SH,5.57,5.61,5.56,5.6,494615.7
2019-12-27,601328.SH,5.6,5.65,5.59,5.62,908791.18
2019-12-30,601328.SH,5.6,5.65,5.58,5.64,925523.35
2019-12-31,601328.SH,5.63,5.64,5.61,5.63,667771.88
2020-01-02,601328.SH,5.66,5.71,5.66,5.68,1204575.27
2020-01-03,601328.SH,5.7,5.7,5.68,5.69,792264.29
2020-01-06,601328.SH,5.68,5.7,5.65,5.66,1102799.39
2020-01-07,601328.SH,5.67,5.72,5.66,5.69,1009755.73
2020-01-08,601328.SH,5.67,5.67,5.63,5.64,884544.92
2020-01-09,601328.SH,5.66,5.68,5.64,5.65,705748.36
2020-01-10,601328.SH,5.66,5.67,5.63,5.64,479807.35
2020-01-13,601328.SH,5.65,5.66,5.62,5.65,488642.2
2020-01-14,601328.SH,5.65,5.7,5.65,5.67,601793.79
2020-01-15,601328.SH,5.66,5.67,5.62,5.62,488393.62
2020-01-16,601328.SH,5.63,5.64,5.61,5.61,441676.72
2020-01-17,601328.SH,5.63,5.65,5.6,5.61,428989.18
2020-01-20,601328.SH,5.61,5.63,5.6,5.62,505936.95
2020-01-21,601328.SH,5.61,5.62,5.56,5.57,680067.73
2020-01-22,601328.SH,5.57,5.57,5.51,5.54,757746.35
2020-01-23,601328.SH,5.53,5.53,5.46,5.47,1072207.25
2020-02-03,601328.SH,5.05,5.25,5.05,5.11,1897131.45
2020-02-04,601328.SH,5.13,5.25,5.12,5.2,1293022.2
2020-02-05,601328.SH,5.21,5.24,5.16,5.2,926675.86
2020-02-06,601328.SH,5.22,5.26,5.18,5.24,959284.46
2020-02-07,601328.SH,5.22,5.27,5.2,5.25,668534.32
2020-02-10,601328.SH,5.23,5.26,5.22,5.23,606223.11
2020-02-11,601328.SH,5.24,5.29,5.23,5.26,670715.7
2020-02-12,601328.SH,5.26,5.28,5.25,5.28,427801.71
2020-02-13,601328.SH,5.27,5.29,5.24,5.24,518859.65
2020-02-14,601328.SH,5.24,5.29,5.23,5.28,448306.27
2020-02-17,601328.SH,5.27,5.35,5.27,5.34,580856.51
2020-02-18,601328.SH,5.33,5.36,5.3,5.31,563526.02
2020-02-19,601328.SH,5.31,5.34,5.3,5.32,529791.45
2020-02-20,601328.SH,5.31,5.37,5.29,5.35,798746.5
2020-02-21,601328.SH,5.33,5.39,5.33,5.37,793929.15
2020-02-24,601328.SH,5.36,5.38,5.31,5.31,717778.66
2020-02-25,601328.SH,5.28,5.31,5.26,5.28,788578.9
2020-02-26,601328.SH,5.26,5.33,5.25,5.31,956367.23
2020-02-27,601328.SH,5.3,5.35,5.29,5.31,614065.39
2020-02-28,601328.SH,5.27,5.32,5.2,5.2,1040453.03
2020-03-02,601328.SH,5.21,5.3,5.21,5.29,833040.77
2020-03-03,601328.SH,5.31,5.35,5.3,5.32,833901.2
2020-03-04,601328.SH,5.32,5.36,5.31,5.34,522030.96
2020-03-05,601328.SH,5.36,5.44,5.34,5.39,1258907.59
2020-03-06,601328.SH,5.37,5.39,5.33,5.34,605610.11
2020-03-09,601328.SH,5.3,5.31,5.21,5.28,2374699.91
2020-03-10,601328.SH,5.24,5.42,5.24,5.35,1369030.64
2020-03-11,601328.SH,5.36,5.36,5.28,5.28,759866.1
2020-03-12,601328.SH,5.27,5.29,5.24,5.28,725859.52
2020-03-13,601328.SH,5.18,5.29,5.15,5.25,1226985.95
2020-03-16,601328.SH,5.26,5.28,5.18,5.19,1032801.35
2020-03-17,601328.SH,5.19,5.26,5.17,5.2,1123946.42
2020-03-18,601328.SH,5.23,5.23,5.11,5.12,932205.59
2020-03-19,601328.SH,5.11,5.15,5.0,5.02,1162074.86
2020-03-20,601328.SH,5.07,5.13,5.04,5.09,911502.23
2020-03-23,601328.SH,5.04,5.05,5.0,5.02,778656.95
2020-03-24,601328.SH,5.07,5.11,5.05,5.09,655023.35
2020-03-25,601328.SH,5.15,5.16,5.11,5.12,590514.68
2020-03-26,601328.SH,5.11,5.16,5.08,5.12,642911.24
2020-03-27,601328.SH,5.15,5.19,5.12,5.16,540807.5
2020-03-30,601328.SH,5.15,5.24,5.14,5.22,893070.64
2020-03-31,601328.SH,5.24,5.25,5.16,5.16,585490.06
2020-04-01,601328.SH,5.16,5.21,5.15,5.16,516419.31
2020-04-02,601328.SH,5.15,5.21,5.14,5.21,422601.09
2020-04-03,601328.SH,5.19,5.2,5.16,5.17,311673.0
2020-04-07,601328.SH,5.22,5.23,5.2,5.21,642103.44
2020-04-08,601328.SH,5.2,5.22,5.18,5.19,452341.76
2020-04-09,601328.SH,5.21,5.22,5.17,5.17,453312.06
2020-04-10,601328.SH,5.18,5.19,5.16,5.18,337705.81
2020-04-13,601328.SH,5.17,5.19,5.17,5.17,277080.95
2020-04-14,601328.SH,5.18,5.19,5.16,5.19,505398.76
2020-04-15,601328.SH,5.18,5.19,5.16,5.18,467500.27
2020-04-16,601328.SH,5.16,5.2,5.16,5.2,451566.9
2020-04-17,601328.SH,5.2,5.22,5.18,5.19,538930.13
2020-04-20,601328.SH,5.19,5.2,5.16,5.17,536613.64
2020-04-21,601328.SH,5.16,5.17,5.13,5.13,466489.02
2020-04-22,601328.SH,5.14,5.15,5.11,5.14,394356.81
2020-04-23,601328.SH,5.15,5.16,5.13,5.14,404149.05
2020-04-24,601328.SH,5.14,5.15,5.12,5.14,313739.39
2020-04-27,601328.SH,5.14,5.18,5.13,5.15,534189.39
2020-04-28,601328.SH,5.16,5.17,5.11,5.15,474474.22
2020-04-29,601328.SH,5.12,5.18,5.11,5.18,662080.08
2020-04-30,601328.SH,5.17,5.21,5.17,5.18,585168.54
2020-05-06,601328.SH,5.14,5.15,5.12,5.13,842360.68
2020-05-07,601328.SH,5.13,5.14,5.12,5.12,453954.64
2020-05-08,601328.SH,5.14,5.15,5.12,5.14,440154.09
2020-05-11,601328.SH,5.14,5.16,5.13,5.15,502885.13
2020-05-12,601328.SH,5.15,5.16,5.13,5.13,456948.31
2020-05-13,601328.SH,5.13,5.14,5.12,5.13,415254.3
2020-05-14,601328.SH,5.13,5.14,5.11,5.12,377893.06
2020-05-15,601328.SH,5.13,5.15,5.12,5.13,469417.79
2020-05-18,601328.SH,5.14,5.16,5.13,5.14,394999.32
2020-05-19,601328.SH,5.16,5.16,5.14,5.14,364027.79
2020-05-20,601328.SH,5.14,5.16,5.14,5.15,293049.4
2020-05-21,601328.SH,5.16,5.16,5.13,5.13,325909.04
2020-05-22,601328.SH,5.13,5.15,5.07,5.07,598862.15
2020-05-25,601328.SH,5.09,5.1,5.06,5.09,456242.91
2020-05-26,601328.SH,5.09,5.11,5.08,5.08,393458.84
2020-05-27,601328.SH,5.08,5.12,5.08,5.11,468119.14
2020-05-28,601328.SH,5.11,5.17,5.1,5.16,682879.35
2020-05-29,601328.SH,5.14,5.15,5.11,5.11,597229.69
2020-06-01,601328.SH,5.12,5.16,5.11,5.15,535302.36
2020-06-02,601328.SH,5.14,5.19,5.14,5.18,667102.5
2020-06-03,601328.SH,5.19,5.23,5.18,5.19,559932.22
2020-06-04,601328.SH,5.21,5.22,5.16,5.16,345969.49
2020-06-05,601328.SH,5.18,5.18,5.15,5.16,320853.98
2020-06-08,601328.SH,5.16,5.17,5.13,5.14,504412.8
2020-06-09,601328.SH,5.14,5.16,5.14,5.15,371464.22
2020-06-10,601328.SH,5.16,5.16,5.13,5.13,449481.0
2020-06-11,601328.SH,5.13,5.14,5.1,5.1,587020.27
2020-06-12,601328.SH,5.09,5.12,5.08,5.1,632882.35
2020-06-15,601328.SH,5.09,5.11,5.07,5.07,617077.57
2020-06-16,601328.SH,5.09,5.11,5.09,5.1,362847.84
2020-06-17,601328.SH,5.1,5.11,5.08,5.1,412000.8
2020-06-18,601328.SH,5.09,5.13,5.08,5.11,584619.01
2020-06-19,601328.SH,5.11,5.14,5.1,5.14,867222.0
2020-06-22,601328.SH,5.12,5.15,5.11,5.12,617438.6
2020-06-23,601328.SH,5.11,5.12,5.09,5.09,441417.95
2020-06-24,601328.SH,5.1,5.13,5.09,5.12,689966.93
2020-06-29,601328.SH,5.14,5.15,5.1,5.12,767145.95
2020-06-30,601328.SH,5.12,5.14,5.11,5.13,598773.1
2020-07-01,601328.SH,5.13,5.17,5.11,5.16,775731.88
2020-07-02,601328.SH,5.18,5.28,5.16,5.27,1551729.68
2020-07-03,601328.SH,5.28,5.38,5.28,5.35,1467080.16
2020-07-06,601328.SH,5.38,5.72,5.37,5.67,3963448.65
2020-07-07,601328.SH,5.73,5.78,5.65,5.65,3600837.9
2020-07-08,601328.SH,5.64,5.73,5.62,5.66,2613580.07
2020-07-09,601328.SH,5.65,5.68,5.56,5.58,2390702.88
2020-07-10,601328.SH,5.57,5.6,5.4,5.42,2385136.24
2020-07-13,601328.SH,5.4,5.49,5.38,5.44,2939298.64
2020-07-14,601328.SH,5.14,5.15,5.02,5.03,2764859.17
2020-07-15,601328.SH,5.05,5.07,4.96,4.96,2149090.71
2020-07-16,601328.SH,4.97,5.01,4.91,4.91,2183394.49
2020-07-17,601328.SH,4.92,4.94,4.86,4.89,1727491.75
2020-07-20,601328.SH,4.89,4.99,4.87,4.96,1951789.29
2020-07-21,601328.SH,4.97,4.98,4.91,4.93,1231156.53
2020-07-22,601328.SH,4.93,4.98,4.91,4.91,1780688.41
2020-07-23,601328.SH,4.9,4.94,4.84,4.86,1839750.67
2020-07-24,601328.SH,4.86,4.86,4.76,4.77,2233517.73
2020-07-27,601328.SH,4.8,4.8,4.74,4.76,1175908.06
2020-07-28,601328.SH,4.78,4.79,4.74,4.76,1073322.93
2020-07-29,601328.SH,4.76,4.81,4.74,4.8,1445133.5
2020-07-30,601328.SH,4.79,4.83,4.77,4.77,1290698.34
2020-07-31,601328.SH,4.77,4.81,4.74,4.76,1893385.39
2020-08-03,601328.SH,4.77,4.79,4.75,4.77,1972885.75
2020-08-04,601328.SH,4.78,4.84,4.76,4.82,2542079.35
2020-08-05,601328.SH,4.81,4.82,4.77,4.78,1402764.27
2020-08-06,601328.SH,4.79,4.81,4.76,4.78,1399092.22
2020-08-07,601328.SH,4.78,4.78,4.75,4.76,1202549.75
2020-08-10,601328.SH,4.76,4.8,4.75,4.78,1421101.46
2020-08-11,601328.SH,4.78,4.81,4.76,4.77,2121974.86
2020-08-12,601328.SH,4.77,4.78,4.75,4.77,1637256.4
2020-08-13,601328.SH,4.78,4.78,4.76,4.76,812958.64
2020-08-14,601328.SH,4.76,4.79,4.76,4.79,1033717.79
2020-08-17,601328.SH,4.79,4.89,4.78,4.86,3227833.54
2020-08-18,601328.SH,4.85,4.85,4.81,4.82,1500161.52
2020-08-19,601328.SH,4.82,4.83,4.79,4.79,1037858.9
2020-08-20,601328.SH,4.79,4.79,4.76,4.77,1047575.97
2020-08-21,601328.SH,4.78,4.79,4.76,4.77,899124.28
2020-08-24,601328.SH,4.78,4.78,4.76,4.76,943986.18
2020-08-25,601328.SH,4.77,4.78,4.76,4.77,550273.94
2020-08-26,601328.SH,4.77,4.77,4.75,4.75,893055.22
2020-08-27,601328.SH,4.76,4.76,4.74,4.75,784498.43
2020-08-28,601328.SH,4.75,4.78,4.73,4.77,1108361.44
2020-08-31,601328.SH,4.76,4.78,4.73,4.73,1580511.42
2020-09-01,601328.SH,4.73,4.74,4.71,4.72,1171050.67
2020-09-02,601328.SH,4.72,4.73,4.67,4.69,1458919.63
2020-09-03,601328.SH,4.68,4.7,4.66,4.67,1091040.04
2020-09-04,601328.SH,4.65,4.66,4.64,4.65,924070.44
2020-09-07,601328.SH,4.64,4.66,4.62,4.63,948709.02
2020-09-08,601328.SH,4.63,4.66,4.62,4.65,995537.89
2020-09-09,601328.SH,4.64,4.65,4.63,4.63,853354.02
2020-09-10,601328.SH,4.64,4.65,4.6,4.62,1097003.35
2020-09-11,601328.SH,4.61,4.62,4.59,4.61,720694.72
2020-09-14,601328.SH,4.62,4.63,4.61,4.62,721051.48
2020-09-15,601328.SH,4.62,4.64,4.61,4.62,624127.84
2020-09-16,601328.SH,4.63,4.65,4.61,4.65,850613.32
2020-09-17,601328.SH,4.65,4.66,4.63,4.64,642602.83
2020-09-18,601328.SH,4.66,4.68,4.64,4.68,1294549.91
2020-09-21,601328.SH,4.68,4.69,4.64,4.65,818789.53
2020-09-22,601328.SH,4.64,4.67,4.61,4.61,887958.32
2020-09-23,601328.SH,4.62,4.63,4.61,4.61,543093.26
2020-09-24,601328.SH,4.61,4.61,4.56,4.57,902894.24
2020-09-25,601328.SH,4.56,4.58,4.56,4.57,486496.0
2020-09-28,601328.SH,4.57,4.59,4.56,4.58,588052.22
2020-09-29,601328.SH,4.59,4.6,4.56,4.56,634371.39
2020-09-30,601328.SH,4.57,4.59,4.53,4.54,731303.09
2020-10-09,601328.SH,4.55,4.57,4.54,4.55,778413.48
2020-10-12,601328.SH,4.55,4.61,4.55,4.6,1346870.96
2020-10-13,601328.SH,4.59,4.6,4.57,4.58,642008.53
2020-10-14,601328.SH,4.58,4.59,4.55,4.56,664488.82
2020-10-15,601328.SH,4.56,4.6,4.55,4.58,922674.39
2020-10-16,601328.SH,4.58,4.63,4.57,4.61,1366394.9
2020-10-19,601328.SH,4.61,4.68,4.59,4.6,1694626.99
2020-10-20,601328.SH,4.59,4.6,4.56,4.57,895299.51
2020-10-21,601328.SH,4.58,4.6,4.55,4.6,1113461.95
2020-10-22,601328.SH,4.59,4.62,4.57,4.59,1004249.35
2020-10-23,601328.SH,4.59,4.67,4.58,4.65,1908473.93
2020-10-26,601328.SH,4.65,4.69,4.61,4.63,1845537.9
2020-10-27,601328.SH,4.62,4.62,4.58,4.59,862291.23
2020-10-28,601328.SH,4.58,4.59,4.55,4.58,926440.14
2020-10-29,601328.SH,4.56,4.58,4.55,4.56,830567.62
2020-10-30,601328.SH,4.57,4.58,4.52,4.53,807065.84
2020-11-02,601328.SH,4.53,4.55,4.51,4.51,876234.56
2020-11-03,601328.SH,4.53,4.57,4.52,4.54,923514.87
2020-11-04,601328.SH,4.56,4.57,4.53,4.55,804184.45
2020-11-05,601328.SH,4.57,4.59,4.55,4.57,722080.99
2020-11-06,601328.SH,4.57,4.6,4.55,4.58,874230.7
2020-11-09,601328.SH,4.59,4.62,4.59,4.6,1268256.64
2020-11-10,601328.SH,4.62,4.64,4.6,4.61,1175403.14
2020-11-11,601328.SH,4.61,4.65,4.6,4.64,1001861.57
2020-11-12,601328.SH,4.63,4.64,4.59,4.59,635434.38
2020-11-13,601328.SH,4.58,4.59,4.54,4.55,1073639.64
2020-11-16,601328.SH,4.56,4.58,4.55,4.56,845950.73
2020-11-17,601328.SH,4.56,4.6,4.55,4.59,1139304.0
2020-11-18,601328.SH,4.58,4.64,4.57,4.62,1495668.53
2020-11-19,601328.SH,4.62,4.64,4.59,4.61,791072.73
2020-11-20,601328.SH,4.62,4.62,4.58,4.6,591134.65
2020-11-23,601328.SH,4.6,4.65,4.59,4.64,1274662.0
2020-11-24,601328.SH,4.64,4.66,4.62,4.62,1059941.68
2020-11-25,601328.SH,4.64,4.66,4.61,4.61,1005668.39
2020-11-26,601328.SH,4.61,4.64,4.6,4.63,820987.39
2020-11-27,601328.SH,4.64,4.75,4.62,4.75,2704019.73
2020-11-30,601328.SH,4.78,4.86,4.68,4.71,4332668.41
2020-12-01,601328.SH,4.69,4.79,4.67,4.78,2331593.88
2020-12-02,601328.SH,4.78,4.8,4.72,4.74,1511893.94
2020-12-03,601328.SH,4.75,4.76,4.71,4.73,1210526.34
2020-12-04,601328.SH,4.73,4.73,4.67,4.7,1135147.22
2020-12-07,601328.SH,4.69,4.7,4.63,4.65,1310113.27
2020-12-08,601328.SH,4.66,4.68,4.63,4.64,983820.3
2020-12-09,601328.SH,4.64,4.68,4.62,4.62,1020051.09
2020-12-10,601328.SH,4.62,4.64,4.57,4.58,1391022.22
2020-12-11,601328.SH,4.58,4.58,4.52,4.55,2548879.09
2020-12-14,601328.SH,4.55,4.56,4.52,4.53,1554547.72
2020-12-15,601328.SH,4.53,4.54,4.5,4.51,1767301.96
2020-12-16,601328.SH,4.52,4.52,4.5,4.51,1148546.14
2020-12-17,601328.SH,4.51,4.53,4.49,4.52,1165403.09
2020-12-18,601328.SH,4.51,4.53,4.5,4.51,938115.84
2020-12-21,601328.SH,4.51,4.52,4.49,4.52,894122.05
2020-12-22,601328.SH,4.5,4.51,4.44,4.46,1520602.48
2020-12-23,601328.SH,4.45,4.46,4.44,4.45,744522.49
2020-12-24,601328.SH,4.46,4.48,4.44,4.44,568686.69
2020-12-25,601328.SH,4.45,4.46,4.43,4.45,569759.79
2020-12-28,601328.SH,4.45,4.47,4.44,4.45,631175.44
2020-12-29,601328.SH,4.45,4.47,4.45,4.46,619319.65
2020-12-30,601328.SH,4.46,4.46,4.44,4.46,803898.51
2020-12-31,601328.SH,4.45,4.5,4.45,4.48,1112478.63
2021-01-04,601328.SH,4.48,4.49,4.44,4.47,1280468.31
2021-01-05,601328.SH,4.46,4.49,4.44,4.48,1247136.74
2021-01-06,601328.SH,4.47,4.5,4.46,4.5,979042.4
2021-01-07,601328.SH,4.5,4.51,4.46,4.5,1040057.58
2021-01-08,601328.SH,4.5,4.51,4.47,4.5,1054585.93
2021-01-11,601328.SH,4.5,4.52,4.47,4.48,1295307.12
2021-01-12,601328.SH,4.48,4.5,4.45,4.49,1131890.34
2021-01-13,601328.SH,4.49,4.51,4.46,4.5,1205217.18
2021-01-14,601328.SH,4.49,4.54,4.49,4.51,1205140.96
2021-01-15,601328.SH,4.52,4.59,4.52,4.54,2487153.64
2021-01-18,601328.SH,4.54,4.55,4.51,4.53,1310261.6
2021-01-19,601328.SH,4.53,4.61,4.51,4.6,2471398.11
2021-01-20,601328.SH,4.58,4.62,4.54,4.55,1240836.54
2021-01-21,601328.SH,4.54,4.57,4.53,4.54,1023648.94
2021-01-22,601328.SH,4.53,4.54,4.49,4.5,916580.03
2021-01-25,601328.SH,4.5,4.5,4.46,4.48,934516.66
2021-01-26,601328.SH,4.47,4.51,4.46,4.47,738343.61
2021-01-27,601328.SH,4.48,4.52,4.46,4.48,882590.6
2021-01-28,601328.SH,4.47,4.48,4.45,4.47,1030559.51
2021-01-29,601328.SH,4.46,4.5,4.45,4.46,890726.87
2021-02-01,601328.SH,4.46,4.5,4.44,4.49,1040757.51
2021-02-02,601328.SH,4.49,4.52,4.47,4.48,1161622.8
2021-02-03,601328.SH,4.48,4.5,4.46,4.48,814690.44
2021-02-04,601328.SH,4.48,4.5,4.46,4.47,940250.83
2021-02-05,601328.SH,4.47,4.55,4.46,4.54,1713168.95
2021-02-08,601328.SH,4.53,4.54,4.5,4.51,1105366.84
2021-02-09,601328.SH,4.51,4.52,4.48,4.5,1220134.98
2021-02-10,601328.SH,4.5,4.56,4.5,4.53,1228920.37
2021-02-18,601328.SH,4.58,4.59,4.55,4.56,1788925.91
2021-02-19,601328.SH,4.57,4.61,4.55,4.6,1540419.29
2021-02-22,601328.SH,4.6,4.65,4.58,4.62,1828703.5
2021-02-23,601328.SH,4.62,4.65,4.6,4.6,1353259.15
2021-02-24,601328.SH,4.61,4.63,4.55,4.57,1368929.77
2021-02-25,601328.SH,4.58,4.64,4.57,4.62,1756827.07
2021-02-26,601328.SH,4.61,4.63,4.56,4.57,1550768.98
2021-03-01,601328.SH,4.57,4.59,4.56,4.57,849980.42
2021-03-02,601328.SH,4.58,4.58,4.53,4.55,1131669.39
2021-03-03,601328.SH,4.54,4.63,4.54,4.62,1684915.25
2021-03-04,601328.SH,4.6,4.64,4.59,4.61,2121849.6
2021-03-05,601328.SH,4.61,4.65,4.57,4.64,2134219.0
2021-03-08,601328.SH,4.65,4.68,4.63,4.63,1814063.9
2021-03-09,601328.SH,4.65,4.68,4.62,4.64,1872322.0
2021-03-10,601328.SH,4.64,4.67,4.61,4.65,1570482.63
2021-03-11,601328.SH,4.66,4.7,4.64,4.66,1457969.53
2021-03-12,601328.SH,4.65,4.69,4.64,4.68,1374529.7
2021-03-15,601328.SH,4.68,4.75,4.68,4.73,1472270.9
2021-03-16,601328.SH,4.74,4.76,4.71,4.73,997634.39
2021-03-17,601328.SH,4.73,4.74,4.67,4.69,983593.03
2021-03-18,601328.SH,4.69,4.71,4.67,4.68,774917.77
2021-03-19,601328.SH,4.68,4.68,4.61,4.63,1361191.37
2021-03-22,601328.SH,4.62,4.68,4.61,4.66,1071046.62
2021-03-23,601328.SH,4.67,4.7,4.65,4.68,828794.1
2021-03-24,601328.SH,4.67,4.68,4.64,4.66,861723.1
2021-03-25,601328.SH,4.67,4.68,4.62,4.63,792229.44
2021-03-26,601328.SH,4.63,4.66,4.62,4.66,1376638.67
2021-03-29,601328.SH,4.7,4.87,4.7,4.84,4524096.58
2021-03-30,601328.SH,4.85,4.9,4.83,4.9,2423703.61
2021-03-31,601328.SH,4.9,4.97,4.86,4.95,2404192.19
2021-04-01,601328.SH,4.96,4.98,4.89,4.92,1365374.28
2021-04-02,601328.SH,4.92,4.92,4.83,4.85,1426935.83
2021-04-06,601328.SH,4.87,4.89,4.85,4.87,909362.63
2021-04-07,601328.SH,4.87,4.94,4.85,4.93,1327731.18
2021-04-08,601328.SH,4.93,4.94,4.91,4.93,809052.92
2021-04-09,601328.SH,4.93,4.93,4.88,4.91,804377.78
2021-04-12,601328.SH,4.91,4.95,4.9,4.94,1084202.27
2021-04-13,601328.SH,4.94,4.96,4.88,4.9,1098710.53
2021-04-14,601328.SH,4.91,4.91,4.85,4.86,1045371.6
2021-04-15,601328.SH,4.86,4.87,4.82,4.86,846743.2
2021-04-16,601328.SH,4.86,4.9,4.85,4.89,678942.15
2021-04-19,601328.SH,4.9,4.93,4.89,4.9,963198.09
2021-04-20,601328.SH,4.9,4.92,4.89,4.92,787808.82
2021-04-21,601328.SH,4.91,4.94,4.9,4.92,896246.38
2021-04-22,601328.SH,4.93,4.93,4.88,4.89,795735.1
2021-04-23,601328.SH,4.9,4.93,4.89,4.93,996063.07
2021-04-26,601328.SH,4.93,4.94,4.87,4.87,1003130.01
2021-04-27,601328.SH,4.87,4.89,4.85,4.86,618431.49
2021-04-28,601328.SH,4.88,4.88,4.82,4.84,817741.78
2021-04-29,601328.SH,4.84,4.91,4.83,4.9,984004.46
2021-04-30,601328.SH,4.9,4.91,4.78,4.81,1704512.84
2021-05-06,601328.SH,4.81,4.87,4.81,4.84,1158539.28
2021-05-07,601328.SH,4.84,4.95,4.83,4.93,1913262.57
2021-05-10,601328.SH,4.94,4.95,4.9,4.94,1000203.49
2021-05-11,601328.SH,4.92,4.95,4.91,4.95,865232.8
2021-05-12,601328.SH,4.93,4.97,4.92,4.94,1014184.59
2021-05-13,601328.SH,4.93,4.94,4.91,4.93,771653.64
2021-05-14,601328.SH,4.93,4.96,4.91,4.95,968717.63
2021-05-17,601328.SH,4.95,4.98,4.92,4.94,983766.28
2021-05-18,601328.SH,4.95,4.96,4.94,4.95,576521.22
2021-05-19,601328.SH,4.95,4.95,4.91,4.91,824726.3
2021-05-20,601328.SH,4.92,4.93,4.89,4.91,773759.74
2021-05-21,601328.SH,4.91,4.92,4.87,4.87,783431.38
2021-05-24,601328.SH,4.87,4.9,4.86,4.87,830653.92
2021-05-25,601328.SH,4.88,4.94,4.87,4.92,1374513.06
2021-05-26,601328.SH,4.93,4.94,4.91,4.94,956173.72
2021-05-27,601328.SH,4.93,4.95,4.91,4.91,873760.16
2021-05-28,601328.SH,4.93,4.93,4.9,4.93,995870.03
2021-05-31,601328.SH,4.93,4.93,4.88,4.9,1016642.6
2021-06-01,601328.SH,4.89,4.9,4.85,4.87,1087069.02
2021-06-02,601328.SH,4.86,4.88,4.85,4.88,1098915.43
2021-06-03,601328.SH,4.88,4.91,4.87,4.89,748481.96
2021-06-04,601328.SH,4.89,4.92,4.88,4.91,939588.31
2021-06-07,601328.SH,4.91,4.92,4.89,4.9,597332.54
2021-06-08,601328.SH,4.9,4.91,4.88,4.91,693522.4
2021-06-09,601328.SH,4.9,4.91,4.89,4.89,500208.59
2021-06-10,601328.SH,4.89,4.91,4.88,4.88,772268.36
2021-06-11,601328.SH,4.89,4.89,4.87,4.88,986375.97
2021-06-15,601328.SH,4.88,4.88,4.83,4.83,1030539.91
2021-06-16,601328.SH,4.83,4.87,4.82,4.84,607313.13
2021-06-17,601328.SH,4.84,4.86,4.83,4.83,594733.5
2021-06-18,601328.SH,4.83,4.84,4.82,4.84,584467.95
2021-06-21,601328.SH,4.83,4.84,4.81,4.83,597618.19
2021-06-22,601328.SH,4.83,4.86,4.83,4.85,721893.12
2021-06-23,601328.SH,4.85,4.86,4.84,4.86,438475.47
2021-06-24,601328.SH,4.86,4.88,4.85,4.88,740346.23
2021-06-25,601328.SH,4.88,4.91,4.88,4.91,757338.62
2021-06-28,601328.SH,4.91,4.91,4.88,4.89,553762.08
2021-06-29,601328.SH,4.89,4.9,4.87,4.88,597669.44
2021-06-30,601328.SH,4.87,4.91,4.87,4.9,661732.38
2021-07-01,601328.SH,4.91,4.92,4.89,4.9,686791.29
2021-07-02,601328.SH,4.89,4.91,4.88,4.9,1026921.02
2021-07-05,601328.SH,4.89,4.9,4.86,4.88,805984.88
2021-07-06,601328.SH,4.88,4.92,4.87,4.91,1123630.14
2021-07-07,601328.SH,4.91,4.93,4.88,4.89,1048220.49
2021-07-08,601328.SH,4.9,4.91,4.85,4.85,1353368.27
2021-07-09,601328.SH,4.85,4.89,4.85,4.85,1124438.89
2021-07-12,601328.SH,4.88,4.89,4.82,4.82,1903927.0
2021-07-13,601328.SH,4.53,4.54,4.47,4.47,1711041.96
2021-07-14,601328.SH,4.48,4.48,4.41,4.41,1354030.5
2021-07-15,601328.SH,4.42,4.47,4.41,4.46,876580.58
2021-07-16,601328.SH,4.45,4.46,4.43,4.45,687859.65
2021-07-19,601328.SH,4.45,4.46,4.42,4.45,727163.79
2021-07-20,601328.SH,4.45,4.45,4.4,4.41,855790.8
2021-07-21,601328.SH,4.42,4.43,4.4,4.41,603537.98
2021-07-22,601328.SH,4.41,4.43,4.4,4.41,630190.34
2021-07-23,601328.SH,4.42,4.43,4.4,4.41,536495.46
2021-07-26,601328.SH,4.41,4.42,4.35,4.35,1116071.77
2021-07-27,601328.SH,4.36,4.38,4.31,4.33,946608.59
2021-07-28,601328.SH,4.33,4.36,4.32,4.33,906413.16
2021-07-29,601328.SH,4.34,4.34,4.29,4.3,729120.97
2021-07-30,601328.SH,4.3,4.3,4.27,4.28,629914.59
2021-08-02,601328.SH,4.28,4.34,4.25,4.32,917557.4
2021-08-03,601328.SH,4.32,4.33,4.28,4.3,636454.86
2021-08-04,601328.SH,4.3,4.31,4.28,4.3,515013.2
2021-08-05,601328.SH,4.3,4.32,4.28,4.31,525959.42
2021-08-06,601328.SH,4.3,4.31,4.28,4.3,490600.82
2021-08-09,601328.SH,4.3,4.35,4.29,4.32,699440.52
2021-08-10,601328.SH,4.33,4.36,4.3,4.35,644628.88
2021-08-11,601328.SH,4.34,4.4,4.34,4.38,781349.7
2021-08-12,601328.SH,4.38,4.39,4.36,4.36,396507.46
2021-08-13,601328.SH,4.36,4.38,4.35,4.36,403712.88
2021-08-16,601328.SH,4.37,4.4,4.36,4.39,586785.54
2021-08-17,601328.SH,4.39,4.4,4.35,4.36,996581.1
2021-08-18,601328.SH,4.36,4.42,4.35,4.41,820935.7
2021-08-19,601328.SH,4.4,4.41,4.36,4.38,828425.95
2021-08-20,601328.SH,4.39,4.4,4.36,4.38,557986.61
2021-08-23,601328.SH,4.38,4.39,4.35,4.36,761279.21
2021-08-24,601328.SH,4.36,4.39,4.36,4.36,647483.1
2021-08-25,601328.SH,4.37,4.38,4.35,4.37,601258.38
2021-08-26,601328.SH,4.36,4.38,4.36,4.36,539290.91
2021-08-27,601328.SH,4.36,4.38,4.36,4.36,585737.91
2021-08-30,601328.SH,4.37,4.39,4.36,4.38,819288.25
2021-08-31,601328.SH,4.38,4.42,4.37,4.42,1166133.91
2021-09-01,601328.SH,4.42,4.48,4.4,4.47,1393743.64
2021-09-02,601328.SH,4.46,4.48,4.45,4.47,800276.57
2021-09-03,601328.SH,4.47,4.49,4.45,4.48,1387244.7
2021-09-06,601328.SH,4.48,4.54,4.47,4.51,1294637.29
2021-09-07,601328.SH,4.52,4.55,4.5,4.53,1126547.02
2021-09-08,601328.SH,4.53,4.57,4.52,4.56,1060439.65
2021-09-09,601328.SH,4.56,4.58,4.51,4.56,1047793.44
2021-09-10,601328.SH,4.56,4.64,4.55,4.58,1650028.25
2021-09-13,601328.SH,4.58,4.62,4.56,4.61,1159988.71
2021-09-14,601328.SH,4.63,4.63,4.52,4.54,1365121.91
2021-09-15,601328.SH,4.53,4.55,4.52,4.54,751925.2
2021-09-16,601328.SH,4.54,4.56,4.51,4.51,876647.14
2021-09-17,601328.SH,4.51,4.53,4.5,4.5,703435.26
2021-09-22,601328.SH,4.45,4.47,4.43,4.45,938067.32
2021-09-23,601328.SH,4.46,4.53,4.46,4.5,869340.01
2021-09-24,601328.SH,4.5,4.53,4.46,4.48,804309.35
2021-09-27,601328.SH,4.47,4.49,4.45,4.46,817880.45
2021-09-28,601328.SH,4.46,4.51,4.45,4.49,858784.23
2021-09-29,601328.SH,4.47,4.52,4.46,4.49,911514.9
2021-09-30,601328.SH,4.5,4.5,4.47,4.5,709994.31
2021-10-08,601328.SH,4.53,4.56,4.52,4.55,1079567.8
2021-10-11,601328.SH,4.56,4.6,4.56,4.57,940702.72
2021-10-12,601328.SH,4.56,4.59,4.54,4.57,939607.7
2021-10-13,601328.SH,4.57,4.58,4.54,4.56,588541.88
2021-10-14,601328.SH,4.57,4.57,4.53,4.54,489628.65
2021-10-15,601328.SH,4.55,4.55,4.53,4.55,651363.61
2021-10-18,601328.SH,4.55,4.55,4.51,4.52,754931.64
2021-10-19,601328.SH,4.52,4.54,4.51,4.53,667802.66
2021-10-20,601328.SH,4.54,4.55,4.51,4.52,534412.57
2021-10-21,601328.SH,4.53,4.56,4.52,4.56,860516.69
2021-10-22,601328.SH,4.55,4.58,4.54,4.55,645782.24
2021-10-25,601328.SH,4.54,4.57,4.53,4.56,718524.58
2021-10-26,601328.SH,4.57,4.58,4.53,4.54,577990.84
2021-10-27,601328.SH,4.55,4.56,4.5,4.52,782318.71
2021-10-28,601328.SH,4.51,4.53,4.5,4.51,631261.43
2021-10-29,601328.SH,4.52,4.52,4.49,4.52,635690.66
2021-11-01,601328.SH,4.56,4.71,4.55,4.69,3308652.47
2021-11-02,601328.SH,4.7,4.71,4.55,4.56,2309821.37
2021-11-03,601328.SH,4.57,4.59,4.55,4.57,1177305.61
2021-11-04,601328.SH,4.58,4.62,4.57,4.6,974933.46
2021-11-05,601328.SH,4.6,4.62,4.59,4.62,755141.41
2021-11-08,601328.SH,4.62,4.66,4.59,4.63,860425.51
2021-11-09,601328.SH,4.64,4.65,4.62,4.63,538921.12
2021-11-10,601328.SH,4.63,4.64,4.58,4.59,824532.06
2021-11-11,601328.SH,4.6,4.67,4.59,4.66,916818.19
2021-11-12,601328.SH,4.65,4.67,4.62,4.63,589464.68
2021-11-15,601328.SH,4.63,4.66,4.62,4.66,547916.95
2021-11-16,601328.SH,4.65,4.67,4.63,4.65,486167.57
2021-11-17,601328.SH,4.64,4.66,4.62,4.63,539834.66
2021-11-18,601328.SH,4.62,4.63,4.6,4.61,500062.62
2021-11-19,601328.SH,4.6,4.66,4.6,4.65,718144.38
2021-11-22,601328.SH,4.65,4.66,4.62,4.63,530689.76
2021-11-23,601328.SH,4.63,4.65,4.62,4.64,445322.7
2021-11-24,601328.SH,4.63,4.64,4.61,4.63,397404.06
2021-11-25,601328.SH,4.63,4.63,4.6,4.62,383996.34
2021-11-26,601328.SH,4.61,4.62,4.59,4.59,484576.98
2021-11-29,601328.SH,4.57,4.59,4.57,4.58,566608.2
2021-11-30,601328.SH,4.58,4.6,4.57,4.57,777508.97
2021-12-01,601328.SH,4.57,4.61,4.56,4.6,674777.02
2021-12-02,601328.SH,4.58,4.63,4.58,4.61,815517.58
2021-12-03,601328.SH,4.61,4.62,4.59,4.62,637896.18
2021-12-06,601328.SH,4.62,4.64,4.6,4.62,1043846.5
2021-12-07,601328.SH,4.64,4.66,4.62,4.64,990095.4
2021-12-08,601328.SH,4.65,4.65,4.6,4.61,1199560.87
2021-12-09,601328.SH,4.61,4.65,4.6,4.63,1170569.46
2021-12-10,601328.SH,4.62,4.64,4.59,4.61,1509274.86
2021-12-13,601328.SH,4.6,4.62,4.57,4.57,1377195.16
2021-12-14,601328.SH,4.57,4.58,4.53,4.54,1417215.0
2021-12-15,601328.SH,4.54,4.55,4.52,4.52,891644.22
2021-12-16,601328.SH,4.53,4.55,4.52,4.54,694569.08
2021-12-17,601328.SH,4.54,4.55,4.53,4.53,659606.04
2021-12-20,601328.SH,4.53,4.55,4.52,4.53,659669.9
2021-12-21,601328.SH,4.53,4.57,4.53,4.55,621390.32
2021-12-22,601328.SH,4.56,4.57,4.53,4.54,708899.07
2021-12-23,601328.SH,4.55,4.56,4.54,4.55,484532.01
2021-12-24,601328.SH,4.55,4.57,4.53,4.55,771598.88
2021-12-27,601328.SH,4.55,4.57,4.55,4.57,608259.38
2021-12-28,601328.SH,4.56,4.67,4.56,4.58,1053003.74
2021-12-29,601328.SH,4.59,4.61,4.58,4.59,625241.53
2021-12-30,601328.SH,4.6,4.62,4.59,4.6,755396.23
2021-12-31,601328.SH,4.6,4.63,4.6,4.61,601914.01
